{"cameraMode":{"drawMode":0,"name":"Shaded","section":"Shading Mode"},"sceneLighting":true,"audioPlay":false,"sceneViewState":{"m_AlwaysRefresh":false,"showFog":true,"showSkybox":true,"showFlares":true,"showImageEffects":true,"showParticleSystems":true,"showVisualEffectGraphs":true,"m_FxEnabled":true},"in2DMode":false,"pivot":{"x":12.863485336303711,"y":2.7771975994110109,"z":5.063035488128662},"rotation":{"x":0.2813781499862671,"y":-0.16763484477996827,"z":0.04995790496468544,"w":0.9435526728630066},"size":0.7406901717185974,"orthographic":false}